epoch,lr,loss,iou,val_loss,val_iou,val_dice
0,0.0001,0.9775005757808686,0.349980867921489,0.9335932469367981,0.506182845921251,0.6650126157545109
1,0.0001,0.8273827892541885,0.5493483466778877,0.7857137322425842,0.5512196418501594,0.7068738775567937
2,0.0001,0.6834791207313538,0.6461217993691506,0.6496708750724792,0.624437855793645,0.762423777288746
3,0.0001,0.560054937005043,0.6990470686027315,0.5936902034282684,0.6211948817176022,0.7613718390192539
4,0.0001,0.4666008022427559,0.7220255957966308,0.6608523082733154,0.5336309593136361,0.6913039251132957
